Location,y,x,N,P,K,pH
Yercaud,14.4212044,76.5545525,104,23,106,6.98
Vriddhachalam,14.4251505,76.5226052,125,28,125,6.77
Virugambakkam,14.4003794,76.4305865,103,13,159,5.98
Virudhunagar,14.2341279,76.1157275,63,9,159,8.14
Viralimalai,14.2285746,76.1075307,54,10,159,8.16
Villupuram,14.2197345,76.1154271,103,20,170,7.54
Villivakkam,14.1993182,76.1131633,103,15,169,6.43
Vilavancode,14.2005352,75.781889,103,17,166,7.26
Vilathikulam,14.2148461,75.7170703,74,10,179,8.14
Vikravandi,14.2251706,75.7335002,85,21,184,7.27
Veppanahalli,14.2192406,75.6751802,79,10,154,7.62
Vellore,14.3233453,75.7592645,95,9,198,5.26
Velachery,14.3079906,75.7423603,113,14,190,6.29
Veerapandi,14.3363521,75.7415808,76,9,151,5.83
Vedasandur,14.4354257,75.7647429,51,9,169,8.3
Vedaranyam,14.3326983,75.7777101,55,9,150,8.3
Vasudevanallur,14.3078262,75.7610739,113,13,183,6.52
Vanur,14.5852959,75.6676503,110,12,183,7.55
Vaniyambadi,14.6048108,75.6487226,71,14,103,6.18
Vandavasi,14.5124853,75.9490978,53,6,191,8.18
Valparai,14.5544506,75.7549652,109,13,181,7.27
Uthiramerur,14.5638659,75.7904604,98,21,179,7.38
Uthangarai,14.5767356,75.821414,69,12,125,7.46
Usilampatti,14.6047004,75.8728552,50,9,103,8.62
Ulundurpettai,14.6046101,75.8151054,59,8,160,8.21
Udumalaipettai,14.5978149,75.8224654,110,10,155,7.96
Udhagamandalam,14.4835751,75.9004318,98,14,113,7.8
Tittakudi,14.4506459,76.0338804,113,13,193,7.01
Tiruvannamalai,14.4190278,76.0362912,98,7,144,5.3
Tiruvaikuntam,14.3523715,76.013224,55,9,103,7.71
Tiruvadanai,14.1878403,75.2724231,95,13,160,6.38
Tiruttani,14.2028599,75.2627602,99,21,110,7.45
Tiruppur (South),14.2259174,75.2512729,94,23,174,7.3
Tiruppur (North),14.2829974,75.3651702,115,23,150,7.01
"Tiruppattur, Sivaganga",14.2452725,75.5105102,69,13,164,7.72
"Tirupattur, Vellore",14.1625813,75.5923399,74,9,187,8.07
Tirunelveli,14.1141848,75.6312453,94,9,122,7.66
Tirumangalam,14.0920426,75.5834502,113,17,191,6.36
Tirukkoyilur,14.1052993,75.6783986,69,17,194,7.95
Tiruchuli,14.0788334,75.6476497,103,15,144,7.74
Tiruchirappalli (West),14.0124394,75.5908754,98,23,160,7.75
Tiruchirappalli (East),14.0336449,75.7207502,77,11,166,8.13
Tiruchengodu,13.9448966,75.7207775,126,11,175,7.94
Tiruchendur,13.8309126,75.6220508,65,7,198,8.08
Tindivanam,14.5314194,76.1610103,103,10,169,7.78
Thuraiyur,14.5301947,76.1502151,69,14,154,7.84
Thousand Lights,14.7982274,75.7600054,54,17,162,7.84
Thoothukudi,14.6296435,75.4466342,104,23,176,7.07
Thondamuthur,14.6422724,75.4770153,54,13,124,7.8
Thiruvottiyur,14.4274543,76.0955894,65,10,144,7.74
Thiruvidaimarudur,14.4190226,76.0362912,103,11,150,6.85
Thiruverumbur,13.9550016,76.5925171,108,6,169,5.32
Thiruvarur,14.3837106,76.0178479,85,10,171,5.14
Thiruvallur,14.3788712,14.3788712,103,21,198,7.03
Thiruvaiyaru,14.3690394,76.0159167,103,17,165,7.52
Thiruthuraipoondi,14.3656304,76.0225257,111,17,165,7.27
Thiruporur,14.3782268,76.0573729,85,9,159,5.08
Thiruparankundram,14.328187,75.8580743,85,7,144,8.24
Thirumayam,14.8759749,76.773405,71,10,149,7.74
Thiru. Vi. Ka. Nagar,15.4076973,76.5640593,60,13,194,7.67
Thanjavur,15.4175871,76.577282,79,13,195,7.33
Thalli,15.4255899,76.5614302,99,10,126,7.9
Tenkasi,15.3523818,76.4642091,99,10,136,5.82
Tambaram,14.1625813,75.5923399,126,18,105,6.14
T. Nagar,14.1375536,75.6098414,108,7,195,5.65
Sulur,14.1144975,75.619669,98,7,154,5.65
Srivilliputhur,14.0884244,75.5695554,74,9,198,7.66
Srirangam,14.0481283,75.5500718,118,25,164,7.72
Sriperumbudur,13.9969298,75.6503451,98,7,179,5.73
Sivakasi,13.9626547,75.6485724,125,24,199,7.23
Sivaganga,13.9694123,75.665685,69,10,155,7.67
Sirkazhi,13.9448966,75.7207775,92,7,110,8.04
Singanallur,14.0876036,75.9551808,99,14,162,7.6
Sholingur,14.0872661,75.9550718,107,13,173,7.74
Sholinganallur,14.0931902,75.9547245,115,21,199,7.29
Sholavandan,14.1081111,75.9469447,75,13,191,7.61
Senthamangalam,14.1023099,75.9528765,98,18,154,7.13
Sattur,14.0974143,75.9488979,66,18,130,7.95
Sankarapuram,14.0940805,75.9521818,103,18,160,7.51
Sankarankovil,14.094063,75.9568416,107,13,163,7.64
Sankagiri,14.0918579,75.9545862,121,23,199,7.3
Salem (West),14.0900116,75.9543696,109,19,103,6.8
Salem (South),14.0883188,75.9547455,113,18,198,6.26
Salem (North),14.4481575,76.0341752,115,33,103,7.46
Saidapet,14.4141181,76.1093116,94,7,169,7.87
Royapuram,14.4876407,75.9434324,69,10,164,7.88
Rishivandiyam,14.487557,75.9434733,87,21,176,6.95
Rasipuram,14.4864767,75.9428524,103,25,194,7.32
Ranipet,14.4860716,75.9438515,66,9,168,7.91
Ramanathapuram,14.485856,75.9446066,94,25,194,6.57
Rajapalayam,14.4857041,75.9445368,113,17,175,6.72
Radhapuram,14.4856781,75.9443759,91,9,191,7.65
Pudukkottai,14.4861417,75.9449217,64,16,124,7.63
Poonamallee,14.4095818,76.0861856,74,9,169,5.92
Poompuhar,14.4090986,76.0863868,74,10,180,7.8
Ponneri,14.4087401,76.0864377,98,18,171,7.18
Polur,14.2970744,76.0092253,69,9,180,7.71
Pollachi,14.2922088,76.0106845,84,9,154,5.4
Perundurai,14.2884035,76.01474,84,9,169,5.4
Periyakulam,14.2867296,76.012208,66,15,195,7.8
Peravurani,14.4681285,75.8545476,98,10,154,6.33
Perambur,14.4456928,76.0789865,64,17,194,7.57
Perambalur,14.4601199,76.0989904,95,7,103,8.02
Pennagaram,14.3550247,76.0639312,95,10,190,6.34
Pattukkottai,14.4193512,75.995316,98,21,177,7.38
Paramathi Velur,14.4189499,75.9954139,84,17,135,6.72
Paramakudi,14.4184414,75.9963614,98,10,138,6.45
Pappireddippatti,14.4169319,75.995471,89,54,138,7.4
Papanasam,14.3930352,75.9444581,64,8,180,6.06
Panruti,14.265584,76.0273955,105,17,118,7.32
Pallavaram,13.9291,75.9838,96,16,103,
Palladam,14.2654521,76.0274062,71,9,172,8.24
Palayamkottai,14.1835784,75.9170177,99,15,125,7.34
Palani,14.1845743,75.9182227,85,14,103,7.82
Palacode,13.9569,75.9376,119,7,198,
Padmanabhapuram,14.5394878,75.9076229,60,9,165,8.12
Ottapidaram,14.4409292,75.9472329,100,15,166,7.42
Orathanadu,14.4547122,75.9391167,71,9,146,8.12
Omalur,14.4536677,75.9416858,113,17,108,6.68
Oddanchatram,14.4481275,75.9413042,64,15,179,7.86
Nominated (Anglo-Indian community,14.444933,75.9426702,64,13,104,7.74
Nilakottai,14.4214187,75.9242424,103,21,197,6.72
Neyveli,14.3526342,76.1471114,51,9,155,8.01
Natham,14.3224659,75.9934373,103,17,103,7.34
Nannilam,13.8779,75.9434,79,6,181,
Nanguneri,14.321495,75.9932045,107,19,194,7.44
Namakkal,14.3216655,75.9943051,103,41,194,6.49
Nagercoil,14.3983297,75.9202116,108,23,184,6.8
Nagapattinam,14.4916421,76.1595788,65,15,185,8.06
Mylapore,14.1032807,76.5579808,99,17,179,6.88
Musiri,13.9922,75.9608,104,19,161,
Mudhukulathur,14.1024847,76.5599066,61,11,198,7.86
Modakkurichi,14.4766711,75.8595142,103,17,191,7.36
Mettur,14.4760702,75.8591699,125,19,138,7.09
Mettupalayam,14.4757899,75.8599172,115,19,192,6.67
Melur,14.5147997,75.4440594,59,10,183,7.68
Mayiladuthurai,13.9606,76.0138,74,7,184,
Mannargudi,14.5143194,75.4447326,63,16,165,7.81
Manapaarai,14.6832392,76.2519837,109,18,103,7.63
Manamadurai,14.3866912,75.5805478,106,21,179,6.93
Manachanallur,14.3855354,75.5922088,99,19,195,7.24
Mailam,14.4065193,75.5889261,74,14,180,7.5
Maduravoyal,14.40552,75.5978326,119,17,184,6.72
Maduranthakam,14.4078566,75.5992891,99,25,184,6.63
Madurai West,14.3819228,75.5796337,68,17,103,7.68
Madurai South,14.4091137,75.5811476,113,9,146,5.98
Madurai North,14.3315243,75.9002245,69,15,160,7.73
Madurai East,14.5112293,75.9121035,65,10,175,5.89
Madurai Central,14.5129103,75.9126145,74,17,194,7.66
Madavaram,14.5127758,75.9131798,68,13,133,6.43
Madathukulam,14.5244122,75.871346,121,35,194,7.58
Lalgudi,14.4650286,75.986706,99,10,295,7.64
Kurinjipadi,4.4343148,76.0276134,59,8,91,7.99
Kunnam,13.7830472,76.0511779,80,9,39,7.36
Kumbakonam,14.5045043,75.9807325,95,17,171,6.7
Kumarapalayam,14.5070184,75.9784329,54,10,149,8
Kulithalai,14.2509778,76.0508904,110,9,118,8.3
Krishnarayapuram,14.6140745,76.0734318,96,23,150,7.63
Krishnagiri,14.4232171,75.859832,103,13,194,7.79
Kovilpatti,14.0162324,75.3672154,79,10,104,8.08
Kolathur,14.014998,75.3698404,71,13,155,7.95
Kinathukadavu,14.0112968,75.379706,56,10,169,7.81
Kilvelur,14.4720024,75.9199365,76,10,171,7.67
Kilpennathur,14.3963385,75.8801195,91,15,161,7.65
Killiyoor,14.398963,75.8804171,79,14,144,7.7
Kavundampalayam,14.3318718,75.882638,91,16,195,7.65
Kattumannarkoil,14.3556925,76.0631721,103,22,164,7.8
Katpadi,14.3552119,76.0654373,94,9,198,7.76
Karur,14.3034686,75.9020197,66,15,149,7.85
Karaikudi,14.303045,75.9026702,59,17,160,7.73
Kanniyakumari,14.3041008,75.9030949,126,57,195,8.13
Kangayam,14.304032,75.903543,95,17,181,7.54
Kancheepuram,14.3036793,75.9038371,53,13,95,7.97
Kallakurichi,14.3326579,76.0373652,115,17,104,6.88
Kalasapakkam,14.4869137,75.9424025,126,79,160,7.31
Kadayanallur,14.4896687,75.9417456,94,25,174,7.53
K. V. Kuppam,14.4894108,75.9440358,113,25,194,7.14
Jolarpet,14.4882913,75.9448923,113,17,198,7.57
Jayankondam,14.4867472,75.9410327,124,23,184,7.33
Hosur,14.4892971,75.9430725,69,11,174,7.98
Harur,14.4887533,75.9445404,91,19,169,6.53
Harbour,14.4885972,75.9449908,59,8,125,7.76
Gummidipoondi,14.4877274,75.9444182,59,10,171,8.1
Gudiyattam,14.3622791,75.8876395,113,19,118,7.49
Gudalur,14.3651296,75.8888379,51,9,99,8.1
Gobichettipalayam,14.3111479,75.9682686,65,9,119,4.72
Gingee,14.3116028,75.9697622,121,25,81,7.18
Gangavalli,14.1029122,76.0047699,54,7,113,8.87
Gandharvakottai,14.4682295,75.878994,65,58,126,8.15
Erode (West),14.4602439,75.9258697,95,7,194,1.55
Erode (East),14.4660154,75.9341263,71,63,165,7.66
Egmore,14.4587512,75.9275233,85,21,139,7.54
Edapadi,14.4100066,75.937756,113,25,175,7.34
Dr. Radhakrishnan Nagar,14.4772192,76.1019268,76,10,103,7.96
Dindigul,14.476627,76.102274,60,10,154,8.05
Dharmapuri,14.4773128,76.1021119,55,13,58,8.14
Dharapuram,14.2655156,76.0279072,109,19,108,6.79
Cumbum,14.2624848,76.0305595,100,18,198,6.27
Cuddalore,14.2878338,75.9915007,108,17,169,6.83
Coonoor,14.2768115,75.930861,84,16,200,7.76
Colachal,14.2768042,75.9319043,129,23,200,7.36
Coimbatore North,14.3819335,76.0926497,113,22,200,6.61
Coimbatore (South),14.4018175,75.9804947,76,11,113,7.72
Chidambaram,14.402054,75.981526,103,10,169,6.67
Cheyyur,14.4018614,75.9810852,66,9,176,8.2
Cheyyar,14.5114752,75.9494384,113,23,149,7.04
Chepauk-Thiruvallikeni,14.2840487,14.2840487,95,15,191,7.44
Chengam,14.2846981,75.9756317,118,19,199,6.7
Chengalpattu,14.3301119,75.9621723,118,15,195,6.78
Bodinayakanur,14.2711195,76.0913066,84,10,198,7.99
Bhuvanagiri,14.2720903,76.1122954,91,17,194,6.36
Bhavanisagar,14.3660998,75.8895529,51,9,194,8.12
Bhavani,14.4759002,75.9789025,98,17,160,7.51
Bargur,14.5537733,75.856525,103,13,194,7.55
Avanashi,14.355805,75.9786988,55,8,198,7.75
Avadi,14.4644243,75.893474,113,17,149,7.32
Attur,14.4364897,75.8930913,51,10,199,7.83
Athoor,14.4361839,75.8939283,64,13,171,7.66
Aruppukkottai,14.3034642,75.8499989,65,25,194,7.62
Ariyalur,14.3068142,75.8533801,84,10,195,7.77
Arcot,14.3104618,75.8503419,94,8,155,6.28
Aravakurichi,14.309592,75.8469632,108,23,185,7.44
Aranthangi,14.3113946,75.8513278,75,25,198,7.03
Arani,14.3077703,75.8516472,109,16,185,7.27
Arakkonam,14.3035758,75.852634,113,13,169,6.44
Anthiyur,14.1226183,76.0028654,94,8,169,8.14
Anna Nagar,14.1243372,76.0027997,75,9,185,7.99
Andipatti,14.1244696,76.0040328,75,13,194,7.7
Anaikattu,14.1693798,75.9775502,124,8,143,5.61
Ambur,14.2179321,76.0283617,101,36,165,7.5
Ambattur,14.0833142,75.8578384,73,11,154,7.96
Ambasamudram,14.083309,75.8592412,97,75,144,7.5
Alangulam,14.1679513,75.996058,113,21,155,7.01
Alangudi,14.1661517,76.0023236,75,9,108,7.78
Alandur,14.1714777,75.9987724,84,9,125,5.89
Nagaur,14.1755676,76.0044644,70,10,190,7.32
Chittoo,14.1833067,76.1312915,65,9,180,5.31
Tirupati,14.1836414,76.1310601,95,9,185,5.19
Madanapalle,14.1838638,76.1332696,115,14,186,7.32
Punganur,14.1830463,76.1332195,99,17,154,6.85
Palamaneru,14.2503557,75.8832013,69,11,145,8.9
Kuppam,14.246212,75.8836931,69,8,193,5.4
Bangarupalem,14.1644967,75.9487628,99,9,157,5.93
Srikalahasthi,14.0086196,75.9220545,85,8,175,4.77
Satyavedu,14.0089917,75.9240335,79,7,159,4.75
Puttur,14.0713128,76.0386233,103,17,103,7.05
Chandragiri,14.070488,76.0389194,123,10,125,7.42
Anantapur,14.11194,75.8347556,95,17,150,7.23
Chittoor,14.1095677,75.8444759,84,23,106,6.99
East Godavari,14.3090892,75.8495392,61,8,133,8.14
Guntur,14.3014316,75.8516984,103,21,118,7.35
Krishna,14.2364476,75.9225022,74,9,149,8.13
Kurnool,14.2237323,75.9219429,125,21,164,7.42
Prakasam,14.2273314,75.9289372,121,19,169,7.42
Srikakulam,14.2185697,75.8107307,95,9,185,5.51
Vizianagaram,14.2168935,75.811607,95,9,194,5.51
West Godavari,14.1667216,76.0411592,73,7,160,4.93
Changlang,14.1670259,76.0450645,71,10,199,7.86
East Kameng,14.167216,76.0441427,103,20,153,6.93
East Siang,14.1902135,75.8336167,102,17,144,7.58
Kurung Kumey,14.2501313,75.8849628,54,8,154,8.03
Lohit,14.214536,75.7597841,113,11,39,7.23
Lower Dibang Valley,14.2148232,75.7748192,79,7,47,6.86
Lower Subansiri,14.7025134,76.0419622,74,9,48,8.12
Papum Pare,14.5927123,75.8866024,107,15,74,7.72
Tawang,14.6038088,75.9131356,71,10,40,6.23
Tirap,14.5954905,75.9039565,66,10,103,7.6
Upper Siang,14.5378586,76.0854049,69,12,162,7.59
Upper Subansiri,14.5348544,76.1059387,64,9,144,8.07
West Kameng,14.5559413,76.0416876,64,9,139,8.04
West Siang,14.5592954,76.0555064,64,9,191,8.04
Barpeta,14.6047275,76.0202921,103,29,103,7.25
Bongaigaon,14.5974316,75.8995685,65,10,165,8.12
Cachar,14.5990407,76.0808658,65,7,175,7.85
Darrang,14.7570267,76.0570028,83,20,154,7.84
Dhemaji,14.5251112,76.0199313,71,17,154,7.7
Dibrugarh,14.5190458,76.0364537,108,23,170,6.65
Goalpara,14.5194046,76.0772846,102,49,139,7.53
Golaghat,14.5295712,76.0730997,74,11,195,7.86
Hailakandi,14.6144664,75.9746008,60,10,171,7.99
Jorhat,14.6156692,75.9783281,69,9,199,8.12
Kamrup,14.6173941,75.9793049,69,9,161,8.12
Karbi Anglong,14.4821408,75.9711671,60,14,155,7.65
Karimganj,14.5470722,75.9840322,91,13,179,6.29
Kokrajhar,14.5376082,75.9655465,98,14,154,6.18
Lakhimpur,14.5224506,75.963952,51,17,163,7.17
Nagaon,14.7332329,75.8946001,115,22,154,6.82
Nalbari,14.7246937,75.9731622,66,74,138,7.62
Sonitpur,14.5686512,75.9644006,85,13,149,6.7
Tinsukia,14.5665393,75.9847083,91,15,194,6.73
Araria,14.7854706,75.8586898,73,12,160,7.85
Aurangabad,14.7729936,75.867758,74,10,165,8.07
Banka,14.6616519,75.8068871,110,31,190,7.1
Begusarai,14.6616884,75.8079858,120,21,190,6.88
Bhagalpur,14.7295949,75.8518196,74,10,114,7.67
Bhojpur,14.73071,75.8515615,69,10,194,7.66
Buxar,14.7307456,75.8504587,103,15,113,7.39
Darbhanga,14.7313264,75.8535089,66,7,149,7.19
Gaya,14.8206727,76.0877865,98,19,194,7.6
Gopalganj,14.5416159,76.486562,95,23,110,7.41
Jamui,14.5404697,76.4911261,88,11,318,7.72
Jehanabad,14.5377798,76.4951587,75,15,169,7.54
Katihar,14.5437611,76.4967465,98,10,181,7.64
Khagaria,14.5468997,76.4915133,54,7,103,7.62
Kishanganj,14.5522063,76.4884448,113,15,176,7.04
Lakhisarai,14.406,75.7239347,120,21,179,6.51
Madhepura,14.4066473,75.7272763,108,9,110,6.02
Madhubani,14.4062652,75.7254025,73,17,169,7.32
Munger,14.4063718,75.7249169,113,27,169,6.71
Muzaffarpur,14.4059683,75.7263941,113,23,179,7.31
Nalanda,14.4061882,75.7253319,91,7,199,5.98
Nawada,14.4058857,75.7266247,103,15,196,7.26
Patna,14.4047848,75.725298,59,9,194,8.62
Purnia,14.4055691,75.7242154,63,8,184,8.79
Rohtas,14.4066211,75.7250253,99,8,166,5.92
Saharsa,14.4069586,75.7256161,86,10,140,5.61
Samastipur,14.4061933,75.7248512,125,21,176,6.42
Saran,14.4064225,75.7265394,115,20,113,7.29
Sheikhpura,14.4065864,75.7254519,91,12,154,7.7
Sheohar,14.4063435,75.7242608,104,21,175,6.92
Sitamarhi,14.4067249,75.7259012,118,22,181,7.48
Siwan,14.4074152,75.7251551,55,11,169,6.99
Supaul,14.4071486,75.7255876,69,22,160,6.99
Vaishali,14.4056932,75.7249292,91,9,175,5.25
Chandigarh,14.405431,75.727523,121,23,169,6.45
Bastar,14.4057791,75.7266072,110,17,103,6.91
Bilaspur,14.3994133,75.8068013,104,25,169,6.92
Dhamtari,14.3980363,75.8069032,60,9,103,8.31
Durg,14.3986319,75.8075415,55,10,155,8.04
Janjgir-Champa,14.4320603,75.6874071,109,11,164,6.9
Jashpur,14.429233,75.695662,84,6,146,5.51
Korba,14.5507722,75.8559349,94,10,94,8.19
Koriya,14.5502426,75.8609775,108,13,169,8.02
Mahasamund,14.5494429,75.8603016,99,12,149,8.12
Raigarh,14.5485466,75.8614035,93,17,149,7.94
Raipur,14.6263319,75.8150196,98,10,199,7.44
Surguja,14.3684747,75.7763904,75,9,180,7.86
North Goa,14.4264122,75.7001155,109,11,159,6.14
South Goa,14.422037,75.7052043,117,10,171,6.49
Amreli,14.4240751,75.7067516,103,7,180,6.25
Anand,14.4292086,75.7111221,55,11,160,7.6
Banas Kantha,14.4313314,75.7100676,79,11,144,7.49
Bharuch,14.589398,75.862071,66,14,145,7.78
Bhavnagar,14.4744565,75.7841751,88,25,150,7.63
Gandhinagar,14.4753037,75.790151,97,21,185,7.54
Jamnagar,14.4767224,75.7928204,98,15,195,7.69
Junagadh,14.4377214,75.8021333,59,9,188,8.49
Kachchh,14.4391137,75.8129694,79,7,194,5.18
Kheda,14.4475442,75.8718683,74,10,180,7.29
Narmada,14.3820946,75.6996149,69,7,189,7.71
Navsari,14.4094271,75.6809548,85,17,184,7.11
Patan,14.4059772,75.6899456,118,25,159,7.34
Porbandar,14.4468883,75.7020503,103,22,179,7.13
Rajkot,14.4476052,75.7039815,74,10,181,6.76
Sabar Kantha,14.4471787,75.7036622,78,14,194,7.93
Surat,14.4455722,75.7025666,59,10,166,7.78
Surendranagar,14.4450168,75.7045401,103,19,180,7.46
The Dangs,14.5685117,75.8687229,103,13,125,7.62
Vadodara,14.5685564,75.8722128,69,15,163,7.92
Valsad,14.4363291,75.8043434,95,19,131,7.47
Ambala,14.4358833,75.8141067,96,15,179,7.77
Bhiwani,14.4420942,75.8181436,76,10,149,7.84
Faridabad,14.4463539,75.8242155,69,8,199,8.08
Fatehabad,14.3878468,75.7327509,91,45,164,7.55
Gurgaon,14.3863581,75.7357872,113,10,166,6.35
Hisar,14.3871552,75.7371155,95,15,33,7.43
Jhajjar,14.5709831,76.3041525,111,14,65,6.66
Jind,14.4365785,75.8011892,98,19,92,7.96
Kaithal,14.4367551,75.8066072,103,21,103,7.82
Karnal,14.434773,75.8102716,103,9,190,5.94
Kurukshetra,14.4365388,75.8117055,83,13,157,7.93
Mahendragarh,14.4411369,75.817027,103,15,174,7.25
Panchkula,14.4490238,75.831632,99,17,185,7.39
Panipat,14.375781,75.7491016,94,9,180,6.46
Rewari,14.4567821,75.8068194,54,13,170,7.93
Rohtak,14.4541406,75.8131362,54,8,154,8.37
Sirsa,14.4537052,75.8115058,105,17,188,7.77
Bilaspur,14.4856796,75.7328072,79,15,154,7.68
Chamba,14.5685896,75.8695383,110,64,198,47.49
Hamirpur,14.356368,75.7408313,69,8,191,5.12
Kangra,14.3557288,75.7403903,69,10,108,7.79
Kinnaur,14.6016658,75.8473492,103,28,159,7.56
Kullu,14.6010388,75.8547594,51,11,80,7.94
Mandi,14.4078373,75.6806437,115,18,103,6.95
Shimla,14.4076035,75.6882578,63,10,180,8.07
Sirmaur,14.4087494,75.6928172,113,17,174,7.04
Solan,14.403654,75.6925523,111,13,175,7.63
Una,14.4023828,75.691164,79,10,183,7.85
Bokaro,14.4012124,75.6907594,121,18,176,7.36
Chatra,14.4127263,75.6937998,54,9,184,8.27
Deoghar,14.4319828,75.6832595,54,7,179,4.95
Dhanbad,13.9893657,75.6401906,99,15,190,7.38
Dumka,14.4181567,75.6512734,99,12,175,7.46
Garhwa,14.3173538,75.7077461,54,7,166,7.35
Giridih,14.3151326,75.7190646,104,21,166,7.47
Godda,14.3089958,75.716668,76,13,174,7.75
Gumla,14.4250418,75.8184669,127,23,168,7.48
Jamtara,14.2142481,75.7186582,69,19,154,5.06
Latehar,14.2138217,75.7174029,79,13,194,6.67
Lohardaga,13.132467,77.4741302,84,23,194,7.78
Pakur,13.3930507,77.5804764,69,9,103,5.76
Palamu,13.3936456,77.5818548,103,24,139,7.38
Ranchi,13.3957831,77.5824566,98,64,178,6.63
Sahibganj,13.397058,77.5825097,79,7,195,6.9
Simdega,13.394678,77.5807678,74,40,169,7.47
Bagalkot,14.2955958,75.7990658,74,10,195,7.82
Bangalore Rural,13.2839354,76.6558439,54,13,141,7.62
Belgaum,14.5581063,76.1471405,74,9,110,8.4
Bellary,14.5586559,76.1494477,95,8,154,7.3
Bidar,14.5579582,76.1504613,84,9,185,7.34
Bijapur,14.5605193,76.1513213,85,9,194,7.51
Chitradurga,14.4568889,76.1360854,103,19,174,6.46
Davanagere,14.4568562,76.1387843,111,23,166,6.95
Dharwad,14.4932755,76.2468473,51,11,184,7.99
Gadag,14.5735245,76.4431639,54,7,159,8.62
Gulbarga,14.5719773,76.4477665,103,22,176,7.62
Hassan,14.5718188,76.4512353,86,34,165,6.64
Haveri,14.5129816,76.3350428,109,13,185,7.03
Kodagu,14.0270404,75.9671376,110,11,102,6.63
Kolar,14.2745,76.0798,124,28,165,6.77
Koppal,14.3317,75.8846,128,25,181,7.46
Mandya,14.4194,75.9964,75,7,103,6.78
Mysore,14.2937,76.0218,118,17,199,6.36
Raichur,14.3982,75.8803,63,9,149,8.04
Shimoga,14.4805,76.0784,102,13,166,6.8
Tumkur,14.4243,75.9724,74,10,184,7.65
Udupi,14.4822,75.9721,83,14,169,7.61
Alappuzha,14.3356,75.9144,123,24,188,6.59
Ernakulam,14.1,75.8541,69,8,104,7.74
Idukki,14.3747,76.1284,65,10,166,8.02
Kannur,14.2634,75.9652,75,10,194,8.23
Kasaragod,14.3932,76.0464,63,33,65,6.81
Kollam,14.3348,75.8657,71,10,54,7.61
Kottayam,14.1593,75.6855,115,14,32,6.65
Kozhikode,14.4982,76.0653,63,9,211,7.85
Malappuram,14.4933,76.0087,58,5,320,8.15
Palakkad,14.3439,76.0892,62,9,75,7.96
Thiruvananthapuram,14.4546,75.8156,98,10,68,7.01
Thrissur,14.5937,76.0914,65,14,81,7.87
Wayanad,14.1566,75.7288,108,9,176,7.54
Anuppur,14.2778,75.9329,125,59,49,6.78
Ashoknagar,14.4276,76.0987,63,10,58,7.91
Balaghat,14.4319,76.0697,97,9,49,6.17
Barwani,14.3352,76.0385,124,24,95,7.23
Betul,14.4191,76.0385,68,8,102,8.17
Bhind,14.0981,75.9536,102,10,60,7.69
Bhopal,14.3037,75.9275,94,8,60,7.7
Burhanpur,14.4149,76.111,125,9,65,5.63
Chhatarpur,14.4191,76.0385,97,9,50,8.1
Chhindwara,14.3126,75.893,93,14,62,7.35
Damoh,14.3352,76.0385,105,13,109,7.14
Datia,14.029,75.8156,94,10,125,7.13
Dewas,14.4106,76.0878,98,9,195,5.68
Dhar,14.1,75.8541,102,17,124,7.09
Dindori,14.4234,76.0755,97,21,127,7.37
Guna,14.2937,76.0218,96,11,118,7.41
Gwalior,14.4772,75.8592,85,10,130,5.53
Harda,14.231,76.0653,86,8,131,5.92
Hoshangabad,14.4472,76.0805,87,17,136,6.28
Indore,14.4619,76.1016,68,8,119,5.57
Jabalpur,14.3552,76.0646,79,15,117,7.89
Jhabua,14.4194,75.9964,53,9,118,8.09
Katni,14.4747,76.1186,100,21,123,7.1
Mandla,14.2672,76.029,70,9,126,5.31
Mandsaur,14.4933,76.0087,103,17,124,7.44
Morena,14.5402,75.9082,68,9,129,7.85
Neemuch,14.781,75.987,60,10,118,7.79
Panna,14.3493,76.0479,126,17,111,6.48
Raisen,14.4468,75.9449,107,13,128,7.66
Rajgarh,14.4319,76.0697,54,7,125,8.02
Ratlam,14.3116,76.0718,108,20,111,7.13
Rewa,14.353,76.1472,124,24,17,6.28
Sagar,14.353,76.1472,103,20,17,7.73
Satna,14.3239,75.992,80,8,19,5.37
Sehore,14.3348,75.8657,83,14,113,7.4
Seoni,14.2745,76.0798,85,15,110,7.41
Shahdol,14.1,75.8541,103,14,114,7.39
Shajapur,14.3957,75.923,121,10,124,7.36
Sheopur,14.2975,76.0609,111,25,18,6.39
Shivpuri,14.3552,76.0646,69,10,110,7.53
Sidhi,14.4659,76.0015,103,20,110,6
Tikamgarh,14.5121,75.9133,91,9,133,7.78
Ujjain,14.4644,75.836,108,17,110,6.94
Umaria,14.2353,76.0174,113,16,114,7.03
Vidisha,14.4149,76.111,94,10,19,7.83
Akola,14.3957,75.923,94,22,110,7.95
Amravati,14.3747,76.1284,102,25,15,7.52
Aurangabad,14.5782,75.8607,84,7,19,5.25
Bhandara,14.1983,75.8861,94,13,110,7.4
Chandrapur,14.3386759,75.8954824,54,9,114,8.1
Dhule,14.5118544,75.911834,81,9,19,5.87
Hingoli,14.3136707,76.0063787,118,23,159,7.5
Jalgaon,14.5272579,75.8687925,121,35,110,7.58
Jalna,14.3553599,76.0628503,103,15,19,7.42
Kolhapur,14.436412,76.0278744,69,11,124,7.76
Latur,14.503615,75.9756625,59,9,18,7.39
Nagpur,14.2517577,76.0501045,83,17,110,7.5
Nanded,14.3686654,76.1422868,125,27,18,7.04
Nandurbar,14.3975687,75.8778209,91,15,19,7.65
Nashik,14.3553599,76.0628503,99,17,19,7.78
Osmanabad,14.3036453,75.9019419,95,13,114,7.46
Parbhani,14.2366783,75.9652015,59,10,113,8.02
Pune,13.9838179,75.9065506,90,27,110,6.36
Ratnagiri,14.1749352,76.0568046,71,14,19,7.52
Sangli,14.4634348,75.918789,71,10,117,7.67
Satara,14.2948031,75.8700015,111,21,121,7.98
Sindhudurg,14.1975264,75.9168761,98,17,111,6.59
Solapur,14.2001919,75.8045242,59,8,110,4.68
Thane,14.3909383,75.9311579,64,13,18,8.01
Wardha,14.2251466,75.8557802,71,10,117,7.81
Washim,14.0379407,75.9840846,74,9,18,8.01
Yavatmal,14.250678,75.8714962,126,43,115,5.42
Bishnupur,14.0058385,75.5285688,109,17,19,7.61
Chandel,13.6910462,75.8846808,96,16,17,6.56
Churachandpur,14.2036121,75.986013,80,13,121,7.54
Senapati,13.9671209,75.8957004,103,5,19,5.62
Tamenglong,13.9071565,75.8784031,119,7,117,5.78
Thoubal,14.1289597,75.6509221,95,6,19,4.78
Ukhrul,14.0902129,75.8644466,69,10,110,7.85
East Garo Hills,14.1350354,76.0033321,76,12,117,7.56
East Khasi Hills,14.2096411,75.9293353,61,9,113,8.18
Jaintia Hills,13.9045227,75.9039237,95,7,17,5.69
South Garo Hills,13.8657352,75.9915601,95,10,120,6.08
West Garo Hills,13.8749399,75.938996,56,7,124,4.8
West Khasi Hills,14.2169268,75.74041,121,25,120,7.5
Aizawl,13.988401,75.7215168,79,6,18,5.7
Champhai,14.2524031,75.7408561,69,10,114,7.59
Kolasib,14.1304415,76.0983802,74,19,115,6.22
Lawngtlai,13.8209761,75.8425662,104,23,114,7.42
Lunglei,13.9656724,75.8556854,104,19,110,7.5
Mamit,14.2072687,75.7375302,55,8,125,8.19
Saiha,13.8647284,75.9675596,105,17,110,6.75
Serchhip,14.0642222,75.9417272,69,7,120,5.51
Dimapur,13.9890913,75.911375,66,9,19,8.09
Kohima,14.2132058,75.8463287,74,7,117,6.68
Mokokchung,14.2925383,75.764025,99,8,116,7.81
Mon,14.5593906,75.9358213,87,14,110,7.74
Phek,14.4892224,75.7536371,83,21,122,7.72
Tuensang,14.5970054,76.0590847,99,21,125,6.75
Wokha,14.5248204,76.0137946,103,20,17,7.27
Zunheboto,14.5194496,75.839222,113,17,113,6.73
Amritsar,14.4790728,75.9545052,65,13,19,7.64
Bathinda,14.3537297,75.9436584,60,14,19,7.65
Faridkot,14.6046608,75.8903224,68,10,19,7.65
Fatehgarh Sahib,14.4580832,75.8736073,125,21,123,6.59
Firozpur,14.710429,75.7920813,61,9,135,7.5
Gurdaspur,14.5376414,76.0198949,104,25,133,7.32
Hoshiarpur,14.5116611,75.6219489,54,9,115,8.35
Jalandhar,14.7277858,75.9697075,89,13,111,7.72
Kapurthala,14.5449656,76.4877587,89,14,19,7.45
Ludhiana,14.3994392,75.8055728,125,9,117,6.08
Mansa,14.450696,75.7240659,121,25,117,6.78
Moga,14.6264435,75.8150169,109,33,111,7.96
Patiala,14.3687657,75.7728445,66,10,127,7.87
Rupnagar,14.4713545,75.5101276,74,9,115,8.21
Sangrur,14.4545309,75.7853768,90,9,19,8.26
Ajmer,14.4652303,75.7076615,120,15,117,7.19
Alwar,14.430573,75.7277611,114,21,113,7.23
Banswara,14.3826246,75.698778,64,15,110,7.83
Baran,14.2488653,75.6122063,73,10,127,6.85
Barmer,14.4479221,75.7018894,104,21,114,7.55
Bharatpur,14.5501159,75.7674051,84,14,110,7.41
Bhilwara,14.3880079,75.7342476,79,15,121,7.69
Bikaner,14.2528129,75.6987264,95,21,117,7.5
Bundi,14.4850512,75.7321662,69,13,18,7.68
Churu,14.2148461,75.7170274,109,6,113,5.67
Dausa,14.2125272,75.708155,96,25,113,7.17
Dungarpur,14.2973216,75.7964372,94,13,110,6.7
Hanumangarh,14.5599968,76.1477369,66,9,19,8.15
Jaipur,14.4939156,76.1803588,65,13,133,7.79
Jaisalmer,14.5302155,76.1501937,76,9,19,8.03
Jhalawar,14.5314407,76.1697438,115,9,143,6.38
Jodhpur,14.6816462,76.3183469,64,9,117,8.04
Karauli,14.5497006,76.3062188,82,24,116,7.39
Kota,14.4566396,76.1378717,97,15,113,7.72
Nagaur,,,,,,
